,,Weights
"1,38",CIF,0.08632
"1,38",EHT,0.00956
"1,38",JCO,0.00984
"1,38",BGIO,0.00012
"1,38",JHB,0.001
"1,38",IHTA,0.00161
"1,38",DMO,0.00411
"1,38",HYT,0.32508
"1,38",HNW,0.00641
"1,38",JHAA,0.00745
"1,38",IHIT,0.00745
"1,38",HIX,0.00967
"1,38",EHI,0.00121
"1,38",PHT,0.00321
"1,38",HYI,0.00404
"1,38",OPP,0.00404
"1,38",MCR,0.00631
"1,38",CIK,0.00869
"1,38",NHS,0.17019
"1,38",HIO,0.07072
"1,38",MPV,0.00739
"1,38",DHY,0.00974
"1,38",MCI,0.00912
"1,38",AWF,0.00112
"1,38",DHF,0.07397
"1,38",BGH,0.0009
"1,38",EAD,0.0809
"1,38",RA,0.0018
"1,38",KIO,0.0038
"1,38",ISD,0.06825
"1,38",VLT,0.00075
"1,38",FSD,0.00075
"1,38",GHY,0.00075
"1,38",JLS,0.00075
"1,38",IVH,0.00075
"1,38",AIF,0.00075
"1,38",HYB,0.00075
"1,38",EIC,0.00075
"1,37",EHT,0.00703
"1,37",JCO,0.00758
"1,37",BGIO,0.00815
"1,37",JHB,0.00874
"1,37",IHTA,0.00935
"1,37",DMO,0.00997
"1,37",HYT,0.36062
"1,37",HNW,0.00895
"1,37",JHAA,0.0093
"1,37",IHIT,0.0093
"1,37",HIX,0.00189
"1,37",EHI,0.00381
"1,37",PHT,0.00661
"1,37",HYI,0.00703
"1,37",OPP,0.00703
"1,37",MCR,0.00976
"1,37",CIK,0.00118
"1,37",NHS,0.19318
"1,37",HIO,0.06213
"1,37",MPV,0.00047
"1,37",DHY,0.02164
"1,37",MCI,0.00039
"1,37",AWF,0.00239
"1,37",DHF,0.06596
"1,37",BGH,0.00135
"1,37",EAD,0.11135
"1,37",RA,0.00044
"1,37",KIO,0.00444
"1,37",ISD,0.04555
"1,37",VLT,0.00055
"1,37",FSD,0.00055
"1,37",GHY,0.00055
"1,37",JLS,0.00055
"1,37",IVH,0.00055
"1,37",AIF,0.00055
"1,37",HYB,0.00555
"1,37",EIC,0.00555
"1,36",JCO,0.00778
"1,36",BGIO,0.00835
"1,36",JHB,0.00894
"1,36",IHTA,0.00954
"1,36",DMO,0.00017
"1,36",HYT,0.36114
"1,36",HNW,0.0098
"1,36",JHAA,0.0098
"1,36",IHIT,0.00016
"1,36",HIX,0.00275
"1,36",EHI,0.00468
"1,36",PHT,0.00708
"1,36",HYI,0.00708
"1,36",OPP,0.00708
"1,36",MCR,0.00026
"1,36",CIK,0.00264
"1,36",NHS,0.19464
"1,36",HIO,0.06411
"1,36",MPV,0.00078
"1,36",DHY,0.02254
"1,36",MCI,0.00129
"1,36",AWF,0.00529
"1,36",DHF,0.06744
"1,36",BGH,0.01359
"1,36",EAD,0.11359
"1,36",RA,0.00359
"1,36",KIO,0.00559
"1,36",ISD,0.04559
"1,36",VLT,0.00059
"1,36",FSD,0.00059
"1,36",GHY,0.00059
"1,36",JLS,0.00059
"1,36",IVH,0.00059
"1,36",AIF,0.00059
"1,36",HYB,0.00559
"1,36",EIC,0.00559
"1,35",BGIO,0.00857
"1,35",JHB,0.00916
"1,35",IHTA,0.00977
"1,35",DMO,0.00039
"1,35",HYT,0.36136
"1,35",HNW,3e-05
"1,35",JHAA,0.00071
"1,35",IHIT,0.00107
"1,35",HIX,0.00366
"1,35",EHI,0.00559
"1,35",PHT,0.00759
"1,35",HYI,0.00842
"1,35",OPP,0.00842
"1,35",MCR,0.00024
"1,35",CIK,0.00357
"1,35",NHS,0.19557
"1,35",HIO,0.05557
"1,35",MPV,0.00168
"1,35",DHY,0.02521
"1,35",MCI,0.00271
"1,35",AWF,0.00605
"1,35",DHF,0.06962
"1,35",BGH,0.01423
"1,35",EAD,0.11507
"1,35",RA,0.00507
"1,35",KIO,0.00607
"1,35",ISD,0.05718
"1,35",VLT,0.00093
"1,35",FSD,0.00093
"1,35",GHY,0.00093
"1,35",JLS,0.00093
"1,35",IVH,0.00093
"1,35",AIF,0.00093
"1,35",HYB,0.00593
"1,35",EIC,0.00593
"1,34",JHB,0.00941
"1,34",IHTA,2e-05
"1,34",DMO,0.00096
"1,34",HYT,0.37192
"1,34",HNW,0.00059
"1,34",JHAA,0.00128
"1,34",IHIT,0.00128
"1,34",HIX,0.00424
"1,34",EHI,0.00617
"1,34",PHT,0.00817
"1,34",HYI,0.00858
"1,34",OPP,0.00815
"1,34",MCR,0.00087
"1,34",CIK,0.00326
"1,34",NHS,0.19626
"1,34",HIO,0.05626
"1,34",MPV,0.00181
"1,34",DHY,0.02416
"1,34",MCI,0.00291
"1,34",AWF,0.00625
"1,34",DHF,0.07053
"1,34",BGH,0.01438
"1,34",EAD,0.11521
"1,34",RA,0.00612
"1,34",KIO,0.00812
"1,34",ISD,0.06812
"1,34",VLT,0.00062
"1,34",FSD,0.00062
"1,34",GHY,0.00062
"1,34",JLS,0.00062
"1,34",IVH,0.00062
"1,34",AIF,0.00062
"1,34",HYB,0.00062
"1,34",EIC,0.00062
"1,33",IHTA,0.0003
"1,33",DMO,0.00124
"1,33",HYT,0.36221
"1,33",HNW,0.00087
"1,33",JHAA,0.00156
"1,33",IHIT,0.00156
"1,33",HIX,0.00453
"1,33",EHI,0.00645
"1,33",PHT,0.00845
"1,33",HYI,0.00887
"1,33",OPP,0.00843
"1,33",MCR,0.00116
"1,33",CIK,0.00306
"1,33",NHS,0.19656
"1,33",HIO,0.05656
"1,33",MPV,0.00212
"1,33",DHY,0.02506
"1,33",MCI,0.00319
"1,33",AWF,0.00719
"1,33",DHF,0.07076
"1,33",BGH,0.01537
"1,33",EAD,0.11621
"1,33",RA,0.00621
"1,33",KIO,0.00821
"1,33",ISD,0.07932
"1,33",VLT,0.00057
"1,33",FSD,0.00057
"1,33",GHY,0.00057
"1,33",JLS,0.00057
"1,33",IVH,0.00057
"1,33",AIF,0.00057
"1,33",HYB,0.00057
"1,33",EIC,0.00057
"1,32",DMO,0.00125
"1,32",HYT,0.36222
"1,32",HNW,0.00088
"1,32",JHAA,0.00157
"1,32",IHIT,0.00157
"1,32",HIX,0.00454
"1,32",EHI,0.00646
"1,32",PHT,0.00846
"1,32",HYI,0.00888
"1,32",OPP,0.00844
"1,32",MCR,0.00117
"1,32",CIK,0.00307
"1,32",NHS,0.19657
"1,32",HIO,0.05657
"1,32",MPV,0.00213
"1,32",DHY,0.02507
"1,32",MCI,0.0032
"1,32",AWF,0.0072
"1,32",DHF,0.07077
"1,32",BGH,0.01538
"1,32",EAD,0.11622
"1,32",RA,0.00622
"1,32",KIO,0.00822
"1,32",ISD,0.07933
"1,32",VLT,0.00058
"1,32",FSD,0.00058
"1,32",GHY,0.00058
"1,32",JLS,0.00058
"1,32",IVH,0.00058
"1,32",AIF,0.00058
"1,32",HYB,0.00058
"1,32",EIC,0.00058
"1,31",HYT,0.36226
"1,31",HNW,0.00092
"1,31",JHAA,0.00161
"1,31",IHIT,0.00197
"1,31",HIX,0.00456
"1,31",EHI,0.00649
"1,31",PHT,0.00849
"1,31",HYI,0.0089
"1,31",OPP,0.00847
"1,31",MCR,0.00074
"1,31",CIK,0.00312
"1,31",NHS,0.19662
"1,31",HIO,0.05662
"1,31",MPV,0.00218
"1,31",DHY,0.02512
"1,31",MCI,0.00324
"1,31",AWF,0.00791
"1,31",DHF,0.07077
"1,31",BGH,0.01538
"1,31",EAD,0.11622
"1,31",RA,0.00622
"1,31",KIO,0.00822
"1,31",ISD,0.07933
"1,31",VLT,0.00058
"1,31",FSD,0.00058
"1,31",GHY,0.00058
"1,31",JLS,0.00058
"1,31",IVH,0.00058
"1,31",AIF,0.00058
"1,31",HYB,0.00058
"1,31",EIC,0.00058
"1,30",HNW,0.00333
"1,30",JHAA,0.00437
"1,30",IHIT,0.00508
"1,30",HIX,0.00656
"1,30",EHI,0.00772
"1,30",PHT,0.00892
"1,30",HYI,0.00017
"1,30",OPP,0.00191
"1,30",MCR,0.00372
"1,30",CIK,0.00563
"1,30",NHS,0.20763
"1,30",HIO,0.0671
"1,30",MPV,0.00544
"1,30",DHY,0.0372
"1,30",MCI,0.00595
"1,30",AWF,0.00928
"1,30",DHF,0.08143
"1,30",BGH,0.00758
"1,30",EAD,0.10925
"1,30",RA,0.00016
"1,30",KIO,0.00516
"1,30",ISD,0.31627
"1,30",VLT,2e-05
"1,30",FSD,0.04002
"1,30",GHY,2e-05
"1,30",JLS,2e-05
"1,30",IVH,2e-05
"1,30",AIF,0.00668
"1,30",HYB,0.04668
"1,30",EIC,0.00668
"1,29",JHAA,0.00448
"1,29",IHIT,0.0052
"1,29",HIX,0.00668
"1,29",EHI,0.00783
"1,29",PHT,0.00903
"1,29",HYI,0.00028
"1,29",OPP,0.00202
"1,29",MCR,0.00384
"1,29",CIK,0.00574
"1,29",NHS,0.19774
"1,29",HIO,0.06722
"1,29",MPV,0.00555
"1,29",DHY,0.03732
"1,29",MCI,0.00669
"1,29",AWF,0.00936
"1,29",DHF,0.0715
"1,29",BGH,0.00765
"1,29",EAD,0.09932
"1,29",RA,0.00023
"1,29",KIO,0.00623
"1,29",ISD,0.30623
"1,29",VLT,0.00123
"1,29",FSD,0.06123
"1,29",GHY,0.00123
"1,29",JLS,0.00123
"1,29",IVH,0.00123
"1,29",AIF,0.00456
"1,29",HYB,0.06456
"1,29",EIC,0.00456
"1,28",IHIT,0.00571
"1,28",HIX,0.00683
"1,28",EHI,0.00798
"1,28",PHT,0.00918
"1,28",HYI,0.00043
"1,28",OPP,0.00217
"1,28",MCR,0.00399
"1,28",CIK,0.00589
"1,28",NHS,0.20789
"1,28",HIO,0.06737
"1,28",MPV,0.0057
"1,28",DHY,0.03746
"1,28",MCI,0.00684
"1,28",AWF,0.0095
"1,28",DHF,0.07165
"1,28",BGH,0.0078
"1,28",EAD,0.10947
"1,28",RA,0.00038
"1,28",KIO,0.00638
"1,28",ISD,0.30638
"1,28",VLT,0.00013
"1,28",FSD,0.06013
"1,28",GHY,0.00013
"1,28",JLS,0.00013
"1,28",IVH,0.00013
"1,28",AIF,0.00346
"1,28",HYB,0.04846
"1,28",EIC,0.00846
"1,27",HIX,0.00704
"1,27",EHI,0.00819
"1,27",PHT,0.00939
"1,27",HYI,0.00064
"1,27",OPP,0.00238
"1,27",MCR,0.0042
"1,27",CIK,0.0061
"1,27",NHS,0.1981
"1,27",HIO,0.06758
"1,27",MPV,0.00535
"1,27",DHY,0.03771
"1,27",MCI,0.00708
"1,27",AWF,0.00975
"1,27",DHF,0.07189
"1,27",BGH,0.00805
"1,27",EAD,0.10971
"1,27",RA,0.00062
"1,27",KIO,0.00662
"1,27",ISD,0.30662
"1,27",VLT,0.00037
"1,27",FSD,0.06037
"1,27",GHY,0.00037
"1,27",JLS,0.00037
"1,27",IVH,0.00037
"1,27",AIF,0.00037
"1,27",HYB,0.06537
"1,27",EIC,0.00537
"1,26",EHI,0.00846
"1,26",PHT,0.00966
"1,26",HYI,0.00091
"1,26",OPP,0.00222
"1,26",MCR,0.00449
"1,26",CIK,0.00639
"1,26",NHS,0.20839
"1,26",HIO,0.07787
"1,26",MPV,0.00509
"1,26",DHY,0.03744
"1,26",MCI,0.00682
"1,26",AWF,0.00948
"1,26",DHF,0.07234
"1,26",BGH,0.00696
"1,26",EAD,0.10946
"1,26",RA,0.00946
"1,26",KIO,0.00646
"1,26",ISD,0.30646
"1,26",VLT,0.00021
"1,26",FSD,0.04021
"1,26",GHY,0.00021
"1,26",JLS,0.00021
"1,26",IVH,0.00021
"1,26",AIF,0.00687
"1,26",HYB,0.06187
"1,26",EIC,0.00187
"1,25",PHT,0.01
"1,25",HYI,0.00125
"1,25",OPP,0.00255
"1,25",MCR,0.00437
"1,25",CIK,0.00675
"1,25",NHS,0.19875
"1,25",HIO,0.08823
"1,25",MPV,0.00545
"1,25",DHY,0.0278
"1,25",MCI,0.00655
"1,25",AWF,0.00989
"1,25",DHF,0.07203
"1,25",BGH,0.00818
"1,25",EAD,0.09985
"1,25",RA,0.00167
"1,25",KIO,0.00467
"1,25",ISD,0.30578
"1,25",VLT,0.00078
"1,25",FSD,0.06078
"1,25",GHY,0.00078
"1,25",JLS,0.00078
"1,25",IVH,0.00078
"1,25",AIF,0.00411
"1,25",HYB,0.06911
"1,25",EIC,0.00911
"1,24",HYI,0.00167
"1,24",OPP,0.00297
"1,24",MCR,0.00479
"1,24",CIK,0.00717
"1,24",NHS,0.20917
"1,24",HIO,0.08812
"1,24",MPV,0.00534
"1,24",DHY,0.02769
"1,24",MCI,0.00707
"1,24",AWF,0.0004
"1,24",DHF,0.07326
"1,24",BGH,0.00941
"1,24",EAD,0.11191
"1,24",RA,0.00191
"1,24",KIO,0.00591
"1,24",ISD,0.30702
"1,24",VLT,0.00077
"1,24",FSD,0.06077
"1,24",GHY,0.00077
"1,24",JLS,0.00077
"1,24",IVH,0.00077
"1,24",AIF,0.00077
"1,24",HYB,0.06577
"1,24",EIC,0.00577
"1,23",OPP,0.00348
"1,23",MCR,0.0053
"1,23",CIK,0.0072
"1,23",NHS,0.1992
"1,23",HIO,0.08815
"1,23",MPV,0.00537
"1,23",DHY,0.02714
"1,23",MCI,0.00714
"1,23",AWF,0.00047
"1,23",DHF,0.07333
"1,23",BGH,0.00948
"1,23",EAD,0.11198
"1,23",RA,0.00107
"1,23",KIO,0.00607
"1,23",ISD,0.30607
"1,23",VLT,0.00107
"1,23",FSD,0.06107
"1,23",GHY,0.00107
"1,23",JLS,0.00107
"1,23",IVH,0.00107
"1,23",AIF,0.0044
"1,23",HYB,0.0694
"1,23",EIC,0.0094
"1,22",MCR,0.00545
"1,22",CIK,0.00736
"1,22",NHS,0.20936
"1,22",HIO,0.08883
"1,22",MPV,0.0055
"1,22",DHY,0.02785
"1,22",MCI,0.0066
"1,22",AWF,0.0006
"1,22",DHF,0.07346
"1,22",BGH,0.00961
"1,22",EAD,0.11211
"1,22",RA,0.00211
"1,22",KIO,0.00711
"1,22",ISD,0.306
"1,22",VLT,0.001
"1,22",FSD,0.061
"1,22",GHY,0.001
"1,22",JLS,0.001
"1,22",IVH,0.001
"1,22",AIF,0.00434
"1,22",HYB,0.06434
"1,22",EIC,0.00434
"1,21",CIK,0.00762
"1,21",NHS,0.20962
"1,21",HIO,0.08857
"1,21",MPV,0.00523
"1,21",DHY,0.03759
"1,21",MCI,0.00696
"1,21",AWF,0.00096
"1,21",DHF,0.07382
"1,21",BGH,0.00997
"1,21",EAD,0.11247
"1,21",RA,0.00338
"1,21",KIO,0.00638
"1,21",ISD,0.30638
"1,21",VLT,0.00013
"1,21",FSD,0.06013
"1,21",GHY,0.00013
"1,21",JLS,0.00013
"1,21",IVH,0.00013
"1,21",AIF,0.00346
"1,21",HYB,0.06346
"1,21",EIC,0.00346
"1,20",NHS,0.21
"1,20",HIO,0.08895
"1,20",MPV,0.00561
"1,20",DHY,0.03797
"1,20",MCI,0.00734
"1,20",AWF,0.00068
"1,20",DHF,0.07425
"1,20",BGH,0.00963
"1,20",EAD,0.10213
"1,20",RA,0.00304
"1,20",KIO,0.00604
"1,20",ISD,0.31604
"1,20",VLT,0.00104
"1,20",FSD,0.07104
"1,20",GHY,0.00104
"1,20",JLS,0.00104
"1,20",IVH,0.00104
"1,20",AIF,0.00771
"1,20",HYB,0.04771
"1,20",EIC,0.00771
"1,19",HIO,0.07263
"1,19",MPV,0.00096
"1,19",DHY,0.06391
"1,19",MCI,0.00391
"1,19",AWF,0.00724
"1,19",DHF,0.09153
"1,19",BGH,0.00537
"1,19",EAD,0.12954
"1,19",RA,0.00681
"1,19",KIO,0.02381
"1,19",ISD,0.32603
"1,19",VLT,0.00353
"1,19",FSD,0.13068
"1,19",GHY,0.00068
"1,19",JLS,0.00068
"1,19",IVH,0.00068
"1,19",AIF,0.01734
"1,19",HYB,0.10734
"1,19",EIC,0.00734
"1,18",MPV,0.00556
"1,18",DHY,0.0585
"1,18",MCI,0.0085
"1,18",AWF,0.00183
"1,18",DHF,0.08612
"1,18",BGH,0.00227
"1,18",EAD,0.12644
"1,18",RA,0.00553
"1,18",KIO,0.02053
"1,18",ISD,0.35164
"1,18",VLT,0.00914
"1,18",FSD,0.13342
"1,18",GHY,9e-05
"1,18",JLS,0.00409
"1,18",IVH,0.00659
"1,18",AIF,0.01659
"1,18",HYB,0.16159
"1,18",EIC,0.00159
"1,17",DHY,0.05882
"1,17",MCI,0.00882
"1,17",AWF,0.00216
"1,17",DHF,0.08644
"1,17",BGH,0.0026
"1,17",EAD,0.13676
"1,17",RA,0.00585
"1,17",KIO,0.02085
"1,17",ISD,0.35197
"1,17",VLT,0.00947
"1,17",FSD,0.13375
"1,17",GHY,0.00042
"1,17",JLS,0.00642
"1,17",IVH,0.00642
"1,17",AIF,0.00308
"1,17",HYB,0.16308
"1,17",EIC,0.00308
"1,16",MCI,0.0025
"1,16",AWF,0.0065
"1,16",DHF,0.08079
"1,16",BGH,0.00771
"1,16",EAD,0.16271
"1,16",RA,0.0018
"1,16",KIO,0.0578
"1,16",ISD,0.3478
"1,16",VLT,0.0078
"1,16",FSD,0.14066
"1,16",GHY,0.00232
"1,16",JLS,0.00632
"1,16",IVH,0.00882
"1,16",AIF,0.00549
"1,16",HYB,0.16049
"1,16",EIC,0.00049
"1,15",AWF,0.00667
"1,15",DHF,0.09095
"1,15",BGH,0.00788
"1,15",EAD,0.16288
"1,15",RA,0.00197
"1,15",KIO,0.05797
"1,15",ISD,0.34797
"1,15",VLT,0.00797
"1,15",FSD,0.13225
"1,15",GHY,0.00225
"1,15",JLS,0.00425
"1,15",IVH,0.00675
"1,15",AIF,0.01675
"1,15",HYB,0.14675
"1,15",EIC,0.00675
"1,14",DHF,0.09143
"1,14",BGH,0.00835
"1,14",EAD,0.16335
"1,14",RA,0.00244
"1,14",KIO,0.05844
"1,14",ISD,0.34844
"1,14",VLT,0.00844
"1,14",FSD,0.13416
"1,14",GHY,0.00082
"1,14",JLS,0.00282
"1,14",IVH,0.00782
"1,14",AIF,0.01782
"1,14",HYB,0.14782
"1,14",EIC,0.00782
"1,13",BGH,0.01692
"1,13",EAD,0.18109
"1,13",RA,0.00109
"1,13",KIO,0.05809
"1,13",ISD,0.35809
"1,13",VLT,0.02684
"1,13",FSD,0.16113
"1,13",GHY,0.00113
"1,13",JLS,0.00313
"1,13",IVH,0.00813
"1,13",AIF,0.00813
"1,13",HYB,0.16813
"1,13",EIC,0.00813
"1,12",EAD,0.17333
"1,12",RA,0.00424
"1,12",KIO,0.05124
"1,12",ISD,0.37124
"1,12",VLT,0.03749
"1,12",FSD,0.16464
"1,12",GHY,0.0013
"1,12",JLS,0.0053
"1,12",IVH,0.0003
"1,12",AIF,0.00364
"1,12",HYB,0.18364
"1,12",EIC,0.00364
"1,11",RA,0.00091
"1,11",KIO,0.06991
"1,11",ISD,0.40102
"1,11",VLT,0.03977
"1,11",FSD,0.15548
"1,11",GHY,0.00715
"1,11",JLS,0.00515
"1,11",IVH,0.00515
"1,11",AIF,0.01515
"1,11",HYB,0.30015
"1,11",EIC,0.00015
"1,10",KIO,0.07
"1,10",ISD,0.40111
"1,10",VLT,0.03986
"1,10",FSD,0.15558
"1,10",GHY,0.00724
"1,10",JLS,0.00524
"1,10",IVH,0.00524
"1,10",AIF,0.01524
"1,10",HYB,0.30024
"1,10",EIC,0.00024
"1,9",ISD,0.43111
"1,9",VLT,0.03611
"1,9",FSD,0.15325
"1,9",GHY,0.00492
"1,9",JLS,0.00692
"1,9",IVH,0.00192
"1,9",AIF,0.01192
"1,9",HYB,0.34692
"1,9",EIC,0.00692
"1,8",VLT,0.085
"1,8",FSD,0.19643
"1,8",GHY,0.00143
"1,8",JLS,0.00943
"1,8",IVH,0.02943
"1,8",AIF,0.09276
"1,8",HYB,0.58276
"1,8",EIC,0.00276
"1,7",FSD,0.22286
"1,7",GHY,0.00452
"1,7",JLS,0.00652
"1,7",IVH,0.02402
"1,7",AIF,0.09736
"1,7",HYB,0.64236
"1,7",EIC,0.00236
"1,6",GHY,0.00667
"1,6",JLS,0.04867
"1,6",IVH,0.04367
"1,6",AIF,0.11367
"1,6",HYB,0.78367
"1,6",EIC,0.00367
"1,5",JLS,0.05
"1,5",IVH,0.045
"1,5",AIF,0.12167
"1,5",HYB,0.78167
"1,5",EIC,0.00167
"1,4",IVH,0.05
"1,4",AIF,0.11667
"1,4",HYB,0.82667
"1,4",EIC,0.00667
"1,3",AIF,0.12333
"1,3",HYB,0.86833
"1,3",EIC,0.00833
"2,38",CIF,0.00147
"2,38",EHT,0.0
"2,38",JCO,0.0
"2,38",BGIO,0.0
"2,38",JHB,0.0
"2,38",IHTA,0.0
"2,38",DMO,0.0
"2,38",HYT,0.257
"2,38",HNW,0.0
"2,38",JHAA,0.0
"2,38",IHIT,0.0
"2,38",HIX,0.00159
"2,38",EHI,0.0
"2,38",PHT,0.0
"2,38",HYI,0.0
"2,38",OPP,0.0
"2,38",MCR,0.0
"2,38",CIK,0.00061
"2,38",NHS,0.16211
"2,38",HIO,0.05264
"2,38",MPV,0.00376
"2,38",DHY,0.03611
"2,38",MCI,0.00548
"2,38",AWF,0.0
"2,38",DHF,0.08034
"2,38",BGH,0.0
"2,38",EAD,0.08727
"2,38",RA,0.00056
"2,38",KIO,0.03256
"2,38",ISD,0.157
"2,38",VLT,0.0
"2,38",FSD,0.06
"2,38",GHY,0.0
"2,38",JLS,0.0
"2,38",IVH,0.0
"2,38",AIF,0.0
"2,38",HYB,0.06075
"2,38",EIC,0.00075
"2,37",EHT,0.0
"2,37",JCO,0.0
"2,37",BGIO,0.0
"2,37",JHB,0.00027
"2,37",IHTA,0.00088
"2,37",DMO,0.0015
"2,37",HYT,0.35215
"2,37",HNW,0.00048
"2,37",JHAA,0.00082
"2,37",IHIT,0.00082
"2,37",HIX,0.0
"2,37",EHI,0.0
"2,37",PHT,0.01
"2,37",HYI,0.0
"2,37",OPP,0.0
"2,37",MCR,0.00253
"2,37",CIK,0.01
"2,37",NHS,0.18676
"2,37",HIO,0.05571
"2,37",MPV,0.0
"2,37",DHY,0.06831
"2,37",MCI,0.0
"2,37",AWF,0.0
"2,37",DHF,0.06263
"2,37",BGH,0.0
"2,37",EAD,0.10802
"2,37",RA,0.05
"2,37",KIO,0.00346
"2,37",ISD,0.04457
"2,37",VLT,0.0
"2,37",FSD,0.0
"2,37",GHY,0.0
"2,37",JLS,0.0
"2,37",IVH,0.0
"2,37",AIF,0.0
"2,37",HYB,0.03555
"2,37",EIC,0.00555
"2,36",JCO,0.00031
"2,36",BGIO,0.00088
"2,36",JHB,0.00147
"2,36",IHTA,0.00208
"2,36",DMO,0.0
"2,36",HYT,0.35367
"2,36",HNW,0.00234
"2,36",JHAA,0.00234
"2,36",IHIT,0.0
"2,36",HIX,0.0
"2,36",EHI,0.0
"2,36",PHT,0.0
"2,36",HYI,0.0
"2,36",OPP,0.0
"2,36",MCR,0.0
"2,36",CIK,0.0
"2,36",NHS,0.18717
"2,36",HIO,0.05665
"2,36",MPV,0.0
"2,36",DHY,0.01508
"2,36",MCI,0.0
"2,36",AWF,0.01
"2,36",DHF,0.06083
"2,36",BGH,0.00698
"2,36",EAD,0.18125
"2,36",RA,0.00125
"2,36",KIO,0.00325
"2,36",ISD,0.04325
"2,36",VLT,0.0
"2,36",FSD,0.0
"2,36",GHY,0.0
"2,36",JLS,0.0
"2,36",IVH,0.0
"2,36",AIF,0.0
"2,36",HYB,0.06559
"2,36",EIC,0.00559
"2,35",BGIO,0.0
"2,35",JHB,0.0
"2,35",IHTA,0.0
"2,35",DMO,0.0
"2,35",HYT,0.00534
"2,35",HNW,0.0
"2,35",JHAA,0.0
"2,35",IHIT,0.0
"2,35",HIX,0.0
"2,35",EHI,0.0
"2,35",PHT,0.01
"2,35",HYI,4e-05
"2,35",OPP,4e-05
"2,35",MCR,0.0
"2,35",CIK,0.0
"2,35",NHS,0.18719
"2,35",HIO,0.06719
"2,35",MPV,0.03
"2,35",DHY,0.03019
"2,35",MCI,0.0
"2,35",AWF,0.00103
"2,35",DHF,0.0646
"2,35",BGH,0.00921
"2,35",EAD,0.11005
"2,35",RA,5e-05
"2,35",KIO,0.00105
"2,35",ISD,0.21216
"2,35",VLT,0.0
"2,35",FSD,0.07
"2,35",GHY,0.0
"2,35",JLS,0.0
"2,35",IVH,0.01
"2,35",AIF,0.04
"2,35",HYB,0.14593
"2,35",EIC,0.00593
"2,34",JHB,0.0
"2,34",IHTA,0.0
"2,34",DMO,0.0
"2,34",HYT,0.00713
"2,34",HNW,0.0
"2,34",JHAA,0.0
"2,34",IHIT,0.0
"2,34",HIX,0.0
"2,34",EHI,0.0
"2,34",PHT,0.01106
"2,34",HYI,0.00148
"2,34",OPP,0.00104
"2,34",MCR,0.0
"2,34",CIK,0.0
"2,34",NHS,0.18915
"2,34",HIO,0.06915
"2,34",MPV,0.0
"2,34",DHY,0.02706
"2,34",MCI,0.0
"2,34",AWF,0.01252
"2,34",DHF,0.08681
"2,34",BGH,0.01066
"2,34",EAD,0.11149
"2,34",RA,0.0024
"2,34",KIO,0.0044
"2,34",ISD,0.2144
"2,34",VLT,0.0
"2,34",FSD,0.07
"2,34",GHY,0.0
"2,34",JLS,0.0
"2,34",IVH,0.0
"2,34",AIF,0.0
"2,34",HYB,0.18062
"2,34",EIC,0.00062
"2,33",IHTA,0.0
"2,33",DMO,0.0
"2,33",HYT,0.00501
"2,33",HNW,0.0
"2,33",JHAA,0.0
"2,33",IHIT,0.0
"2,33",HIX,0.0
"2,33",EHI,0.0
"2,33",PHT,0.0
"2,33",HYI,0.00104
"2,33",OPP,0.00061
"2,33",MCR,0.0
"2,33",CIK,0.02
"2,33",NHS,0.19285
"2,33",HIO,0.08418
"2,33",MPV,0.0
"2,33",DHY,0.02268
"2,33",MCI,0.0008
"2,33",AWF,0.0048
"2,33",DHF,0.06838
"2,33",BGH,0.01299
"2,33",EAD,0.1351
"2,33",RA,0.0051
"2,33",KIO,0.0071
"2,33",ISD,0.20821
"2,33",VLT,0.0
"2,33",FSD,0.08
"2,33",GHY,0.0
"2,33",JLS,0.0
"2,33",IVH,0.0
"2,33",AIF,0.0
"2,33",HYB,0.15057
"2,33",EIC,0.00057
"2,32",DMO,0.0
"2,32",HYT,0.00594
"2,32",HNW,0.0
"2,32",JHAA,0.0
"2,32",IHIT,0.0
"2,32",HIX,0.0
"2,32",EHI,0.0
"2,32",PHT,0.0
"2,32",HYI,0.0
"2,32",OPP,0.0
"2,32",MCR,0.0
"2,32",CIK,0.0
"2,32",NHS,0.19856
"2,32",HIO,0.06856
"2,32",MPV,0.0
"2,32",DHY,0.01706
"2,32",MCI,0.0
"2,32",AWF,0.0
"2,32",DHF,0.06275
"2,32",BGH,0.00737
"2,32",EAD,0.1082
"2,32",RA,0.0151
"2,32",KIO,0.0571
"2,32",ISD,0.21821
"2,32",VLT,0.0
"2,32",FSD,0.09
"2,32",GHY,0.0
"2,32",JLS,0.0
"2,32",IVH,0.0
"2,32",AIF,0.0
"2,32",HYB,0.15058
"2,32",EIC,0.00058
"2,31",HYT,0.06659
"2,31",HNW,0.0
"2,31",JHAA,0.0
"2,31",IHIT,0.0
"2,31",HIX,0.0
"2,31",EHI,0.0
"2,31",PHT,0.0
"2,31",HYI,0.00183
"2,31",OPP,0.00139
"2,31",MCR,0.0
"2,31",CIK,0.0
"2,31",NHS,0.13955
"2,31",HIO,0.00955
"2,31",MPV,0.0
"2,31",DHY,0.00804
"2,31",MCI,0.0
"2,31",AWF,0.00083
"2,31",DHF,0.01369
"2,31",BGH,0.00831
"2,31",EAD,0.11349
"2,31",RA,0.00349
"2,31",KIO,0.00549
"2,31",ISD,0.2166
"2,31",VLT,0.01
"2,31",FSD,0.09
"2,31",GHY,0.0
"2,31",JLS,0.0
"2,31",IVH,0.0
"2,31",AIF,0.0
"2,31",HYB,0.31058
"2,31",EIC,0.00058
"2,30",HNW,0.0
"2,30",JHAA,0.0
"2,30",IHIT,0.0
"2,30",HIX,0.00012
"2,30",EHI,0.00128
"2,30",PHT,0.00248
"2,30",HYI,0.0
"2,30",OPP,0.0
"2,30",MCR,0.0
"2,30",CIK,0.0
"2,30",NHS,0.20119
"2,30",HIO,0.06066
"2,30",MPV,0.0
"2,30",DHY,0.03076
"2,30",MCI,0.0
"2,30",AWF,0.00284
"2,30",DHF,0.07499
"2,30",BGH,0.00114
"2,30",EAD,0.11383
"2,30",RA,0.0
"2,30",KIO,0.0
"2,30",ISD,0.31085
"2,30",VLT,0.0
"2,30",FSD,0.0346
"2,30",GHY,0.0
"2,30",JLS,0.0
"2,30",IVH,0.0
"2,30",AIF,0.01189
"2,30",HYB,0.14668
"2,30",EIC,0.00668
"2,29",JHAA,0.0
"2,29",IHIT,0.0
"2,29",HIX,0.0
"2,29",EHI,0.00069
"2,29",PHT,0.00189
"2,29",HYI,0.0
"2,29",OPP,0.0
"2,29",MCR,0.0
"2,29",CIK,0.0
"2,29",NHS,0.1906
"2,29",HIO,0.06008
"2,29",MPV,0.0
"2,29",DHY,0.03018
"2,29",MCI,0.0
"2,29",AWF,0.00222
"2,29",DHF,0.06436
"2,29",BGH,0.00051
"2,29",EAD,0.09218
"2,29",RA,0.0
"2,29",KIO,0.01008
"2,29",ISD,0.30008
"2,29",VLT,0.0
"2,29",FSD,0.05508
"2,29",GHY,0.0
"2,29",JLS,0.0
"2,29",IVH,0.0
"2,29",AIF,0.07292
"2,29",HYB,0.11456
"2,29",EIC,0.00456
"2,28",IHIT,0.0
"2,28",HIX,0.0
"2,28",EHI,0.00016
"2,28",PHT,0.00136
"2,28",HYI,0.0
"2,28",OPP,0.0
"2,28",MCR,0.0
"2,28",CIK,0.0
"2,28",NHS,0.20008
"2,28",HIO,0.05955
"2,28",MPV,0.0
"2,28",DHY,0.02965
"2,28",MCI,0.0
"2,28",AWF,0.0034
"2,28",DHF,0.07554
"2,28",BGH,0.0017
"2,28",EAD,0.10336
"2,28",RA,0.0
"2,28",KIO,0.00027
"2,28",ISD,0.30027
"2,28",VLT,0.0
"2,28",FSD,0.05402
"2,28",GHY,0.0
"2,28",JLS,0.10013
"2,28",IVH,0.00013
"2,28",AIF,0.01346
"2,28",HYB,0.04846
"2,28",EIC,0.00846
"2,27",HIX,0.0
"2,27",EHI,0.00042
"2,27",PHT,0.00162
"2,27",HYI,0.0
"2,27",OPP,0.0
"2,27",MCR,0.0
"2,27",CIK,0.0
"2,27",NHS,0.19033
"2,27",HIO,0.0598
"2,27",MPV,0.0
"2,27",DHY,0.02993
"2,27",MCI,0.0
"2,27",AWF,0.00197
"2,27",DHF,0.07555
"2,27",BGH,0.0017
"2,27",EAD,0.10337
"2,27",RA,0.0
"2,27",KIO,0.00028
"2,27",ISD,0.30028
"2,27",VLT,0.0
"2,27",FSD,0.05403
"2,27",GHY,0.0
"2,27",JLS,0.0
"2,27",IVH,0.0
"2,27",AIF,0.04
"2,27",HYB,0.13537
"2,27",EIC,0.00537
"2,26",EHI,0.0
"2,26",PHT,0.0
"2,26",HYI,0.0
"2,26",OPP,0.0
"2,26",MCR,0.0
"2,26",CIK,0.0
"2,26",NHS,0.12393
"2,26",HIO,0.0034
"2,26",MPV,0.0
"2,26",DHY,0.0
"2,26",MCI,0.0
"2,26",AWF,0.0
"2,26",DHF,0.01288
"2,26",BGH,0.0
"2,26",EAD,0.04999
"2,26",RA,0.00372
"2,26",KIO,0.03072
"2,26",ISD,0.30072
"2,26",VLT,0.0
"2,26",FSD,0.09447
"2,26",GHY,0.0
"2,26",JLS,0.0
"2,26",IVH,0.0
"2,26",AIF,0.07641
"2,26",HYB,0.30187
"2,26",EIC,0.00187
"2,25",PHT,0.00204
"2,25",HYI,0.0
"2,25",OPP,0.0
"2,25",MCR,0.0
"2,25",CIK,0.0
"2,25",NHS,0.19079
"2,25",HIO,0.08026
"2,25",MPV,0.0
"2,25",DHY,0.01984
"2,25",MCI,0.00083
"2,25",AWF,0.00416
"2,25",DHF,0.07631
"2,25",BGH,0.00246
"2,25",EAD,0.09413
"2,25",RA,0.0
"2,25",KIO,0.0
"2,25",ISD,0.30006
"2,25",VLT,0.03
"2,25",FSD,0.07878
"2,25",GHY,0.0
"2,25",JLS,0.0
"2,25",IVH,0.0
"2,25",AIF,0.00211
"2,25",HYB,0.10911
"2,25",EIC,0.00911
"2,24",HYI,0.0
"2,24",OPP,0.0
"2,24",MCR,0.0
"2,24",CIK,0.0
"2,24",NHS,0.12368
"2,24",HIO,0.00263
"2,24",MPV,0.0
"2,24",DHY,0.0322
"2,24",MCI,0.0
"2,24",AWF,0.0
"2,24",DHF,0.04777
"2,24",BGH,0.00142
"2,24",EAD,0.11392
"2,24",RA,0.0
"2,24",KIO,0.03362
"2,24",ISD,0.31473
"2,24",VLT,0.0
"2,24",FSD,0.10848
"2,24",GHY,0.0
"2,24",JLS,0.0
"2,24",IVH,0.0
"2,24",AIF,0.0
"2,24",HYB,0.21577
"2,24",EIC,0.00577
"2,23",OPP,0.0
"2,23",MCR,0.0
"2,23",CIK,0.0
"2,23",NHS,0.11385
"2,23",HIO,0.0028
"2,23",MPV,0.0
"2,23",DHY,0.03178
"2,23",MCI,0.0
"2,23",AWF,0.0
"2,23",DHF,0.04797
"2,23",BGH,0.00163
"2,23",EAD,0.10413
"2,23",RA,0.0
"2,23",KIO,0.02086
"2,23",ISD,0.30086
"2,23",VLT,0.0
"2,23",FSD,0.09586
"2,23",GHY,0.0
"2,23",JLS,0.0
"2,23",IVH,0.0
"2,23",AIF,0.03146
"2,23",HYB,0.2394
"2,23",EIC,0.0094
"2,22",MCR,0.0
"2,22",CIK,0.0
"2,22",NHS,0.12325
"2,22",HIO,0.00273
"2,22",MPV,0.0
"2,22",DHY,0.03175
"2,22",MCI,0.0
"2,22",AWF,0.0
"2,22",DHF,0.04735
"2,22",BGH,0.00101
"2,22",EAD,0.11351
"2,22",RA,0.0
"2,22",KIO,0.01141
"2,22",ISD,0.3003
"2,22",VLT,0.01
"2,22",FSD,0.10617
"2,22",GHY,0.0
"2,22",JLS,0.0
"2,22",IVH,0.0
"2,22",AIF,0.05384
"2,22",HYB,0.19434
"2,22",EIC,0.00434
"2,21",CIK,0.005
"2,21",NHS,0.14794
"2,21",HIO,0.00189
"2,21",MPV,0.0
"2,21",DHY,0.0
"2,21",MCI,0.0
"2,21",AWF,0.0
"2,21",DHF,0.00214
"2,21",BGH,0.0
"2,21",EAD,0.1008
"2,21",RA,0.0
"2,21",KIO,0.00028
"2,21",ISD,0.24028
"2,21",VLT,0.0
"2,21",FSD,0.10403
"2,21",GHY,0.0
"2,21",JLS,0.0
"2,21",IVH,0.0
"2,21",AIF,0.00071
"2,21",HYB,0.39346
"2,21",EIC,0.00346
"2,20",NHS,0.18212
"2,20",HIO,0.00107
"2,20",MPV,0.0
"2,20",DHY,0.01
"2,20",MCI,0.0
"2,20",AWF,0.0
"2,20",DHF,0.0
"2,20",BGH,0.0
"2,20",EAD,0.10213
"2,20",RA,0.0
"2,20",KIO,0.0
"2,20",ISD,0.23086
"2,20",VLT,0.0
"2,20",FSD,0.10586
"2,20",GHY,0.0
"2,20",JLS,0.0
"2,20",IVH,0.0
"2,20",AIF,0.00253
"2,20",HYB,0.35771
"2,20",EIC,0.00771
"2,19",HIO,0.00282
"2,19",MPV,0.0
"2,19",DHY,0.0
"2,19",MCI,0.0
"2,19",AWF,0.0
"2,19",DHF,0.03966
"2,19",BGH,0.0
"2,19",EAD,0.13383
"2,19",RA,0.00111
"2,19",KIO,0.02811
"2,19",ISD,0.34033
"2,19",VLT,0.0
"2,19",FSD,0.13497
"2,19",GHY,0.0
"2,19",JLS,0.0
"2,19",IVH,0.0
"2,19",AIF,0.0045
"2,19",HYB,0.30734
"2,19",EIC,0.00734
"2,18",MPV,0.0
"2,18",DHY,0.00841
"2,18",MCI,0.0
"2,18",AWF,0.0
"2,18",DHF,0.03603
"2,18",BGH,0.0
"2,18",EAD,0.10635
"2,18",RA,0.0
"2,18",KIO,0.0
"2,18",ISD,0.31155
"2,18",VLT,0.00091
"2,18",FSD,0.1252
"2,18",GHY,0.0
"2,18",JLS,0.0
"2,18",IVH,0.0
"2,18",AIF,0.00836
"2,18",HYB,0.40159
"2,18",EIC,0.00159
"2,17",DHY,0.01276
"2,17",MCI,0.0
"2,17",AWF,0.0
"2,17",DHF,0.03038
"2,17",BGH,0.0
"2,17",EAD,0.1107
"2,17",RA,0.0
"2,17",KIO,0.00146
"2,17",ISD,0.31257
"2,17",VLT,0.0
"2,17",FSD,0.12435
"2,17",GHY,0.0
"2,17",JLS,0.0008
"2,17",IVH,0.0008
"2,17",AIF,0.0
"2,17",HYB,0.40308
"2,17",EIC,0.00308
"2,16",MCI,0.0
"2,16",AWF,0.0
"2,16",DHF,0.03125
"2,16",BGH,0.0
"2,16",EAD,0.11317
"2,16",RA,0.0
"2,16",KIO,0.00827
"2,16",ISD,0.29827
"2,16",VLT,0.0
"2,16",FSD,0.11612
"2,16",GHY,0.0
"2,16",JLS,0.0
"2,16",IVH,0.00194
"2,16",AIF,0.0
"2,16",HYB,0.43049
"2,16",EIC,0.00049
"2,15",AWF,0.0
"2,15",DHF,0.03807
"2,15",BGH,0.0
"2,15",EAD,0.11
"2,15",RA,0.0
"2,15",KIO,0.00509
"2,15",ISD,0.29509
"2,15",VLT,0.0
"2,15",FSD,0.11687
"2,15",GHY,0.0
"2,15",JLS,0.0
"2,15",IVH,0.0
"2,15",AIF,0.00137
"2,15",HYB,0.42675
"2,15",EIC,0.00675
"2,14",DHF,0.05738
"2,14",BGH,0.0
"2,14",EAD,0.1093
"2,14",RA,0.0
"2,14",KIO,0.00439
"2,14",ISD,0.28439
"2,14",VLT,0.0
"2,14",FSD,0.10761
"2,14",GHY,0.0
"2,14",JLS,0.0
"2,14",IVH,0.0
"2,14",AIF,0.00127
"2,14",HYB,0.42782
"2,14",EIC,0.00782
"2,13",BGH,0.0
"2,13",EAD,0.11839
"2,13",RA,0.0
"2,13",KIO,0.0
"2,13",ISD,0.29539
"2,13",VLT,0.0
"2,13",FSD,0.12996
"2,13",GHY,0.0
"2,13",JLS,0.0
"2,13",IVH,0.0
"2,13",AIF,0.0
"2,13",HYB,0.44813
"2,13",EIC,0.00813
"2,12",EAD,0.12481
"2,12",RA,0.0
"2,12",KIO,0.0
"2,12",ISD,0.30272
"2,12",VLT,0.0
"2,12",FSD,0.1252
"2,12",GHY,0.0
"2,12",JLS,0.0
"2,12",IVH,0.0
"2,12",AIF,0.0
"2,12",HYB,0.44364
"2,12",EIC,0.00364
"2,11",RA,0.0
"2,11",KIO,0.02611
"2,11",ISD,0.35722
"2,11",VLT,0.0
"2,11",FSD,0.12636
"2,11",GHY,0.0
"2,11",JLS,0.0
"2,11",IVH,0.0
"2,11",AIF,0.0
"2,11",HYB,0.49015
"2,11",EIC,0.00015
"2,10",KIO,0.05604
"2,10",ISD,0.32715
"2,10",VLT,0.0
"2,10",FSD,0.12632
"2,10",GHY,0.0
"2,10",JLS,0.0
"2,10",IVH,0.0
"2,10",AIF,0.0
"2,10",HYB,0.49024
"2,10",EIC,0.00024
"2,9",ISD,0.35201
"2,9",VLT,0.0
"2,9",FSD,0.13415
"2,9",GHY,0.0
"2,9",JLS,0.0
"2,9",IVH,0.0
"2,9",AIF,0.0
"2,9",HYB,0.50692
"2,9",EIC,0.00692
"2,8",VLT,0.00786
"2,8",FSD,0.18929
"2,8",GHY,0.0
"2,8",JLS,0.0
"2,8",IVH,0.00229
"2,8",AIF,0.05505
"2,8",HYB,0.74276
"2,8",EIC,0.00276
"2,7",FSD,0.19039
"2,7",GHY,0.0
"2,7",JLS,0.0
"2,7",IVH,0.0
"2,7",AIF,0.04489
"2,7",HYB,0.76236
"2,7",EIC,0.00236
"2,6",GHY,0.0
"2,6",JLS,0.00011
"2,6",IVH,0.0
"2,6",AIF,0.08256
"2,6",HYB,0.91367
"2,6",EIC,0.00367
"2,5",JLS,0.0
"2,5",IVH,0.0
"2,5",AIF,0.06667
"2,5",HYB,0.93167
"2,5",EIC,0.00167
"2,4",IVH,0.0
"2,4",AIF,0.06667
"2,4",HYB,0.92667
"2,4",EIC,0.00667
"2,3",AIF,0.08333
"2,3",HYB,0.90833
"2,3",EIC,0.00833
"3,38",CIF,0.13019
"3,38",EHT,0.0
"3,38",JCO,0.0
"3,38",BGIO,0.0
"3,38",JHB,0.0
"3,38",IHTA,0.0
"3,38",DMO,0.0
"3,38",HYT,0.03
"3,38",HNW,0.0
"3,38",JHAA,0.0
"3,38",IHIT,0.0
"3,38",HIX,0.0
"3,38",EHI,0.00038
"3,38",PHT,0.0004
"3,38",HYI,0.0
"3,38",OPP,0.0
"3,38",MCR,0.0
"3,38",CIK,0.00048
"3,38",NHS,0.1
"3,38",HIO,0.0
"3,38",MPV,0.0
"3,38",DHY,0.0
"3,38",MCI,0.0
"3,38",AWF,0.0
"3,38",DHF,0.01071
"3,38",BGH,0.0
"3,38",EAD,0.07
"3,38",RA,0.0
"3,38",KIO,0.0
"3,38",ISD,0.26
"3,38",VLT,0.01
"3,38",FSD,0.16
"3,38",GHY,0.0
"3,38",JLS,0.0
"3,38",IVH,0.0
"3,38",AIF,0.02
"3,38",HYB,0.20784
"3,38",EIC,0.0
"3,37",EHT,0.00015
"3,37",JCO,0.00015
"3,37",BGIO,0.00015
"3,37",JHB,0.00015
"3,37",IHTA,0.00015
"3,37",DMO,0.00015
"3,37",HYT,0.01015
"3,37",HNW,0.0
"3,37",JHAA,0.0
"3,37",IHIT,0.0
"3,37",HIX,0.0
"3,37",EHI,0.0
"3,37",PHT,0.0
"3,37",HYI,0.0
"3,37",OPP,0.0
"3,37",MCR,0.0
"3,37",CIK,0.0
"3,37",NHS,0.12
"3,37",HIO,0.0
"3,37",MPV,0.0
"3,37",DHY,0.0
"3,37",MCI,0.0
"3,37",AWF,0.0
"3,37",DHF,0.0
"3,37",BGH,0.0
"3,37",EAD,0.11
"3,37",RA,0.0
"3,37",KIO,0.0
"3,37",ISD,0.27
"3,37",VLT,0.01
"3,37",FSD,0.18
"3,37",GHY,0.0
"3,37",JLS,0.0
"3,37",IVH,0.0
"3,37",AIF,0.08
"3,37",HYB,0.21892
"3,37",EIC,0.0
"3,36",JCO,0.00011
"3,36",BGIO,0.00011
"3,36",JHB,0.00011
"3,36",IHTA,0.00011
"3,36",DMO,0.00011
"3,36",HYT,0.01011
"3,36",HNW,0.0
"3,36",JHAA,0.0
"3,36",IHIT,0.0
"3,36",HIX,0.0
"3,36",EHI,0.0
"3,36",PHT,0.0
"3,36",HYI,0.0
"3,36",OPP,0.0
"3,36",MCR,0.0
"3,36",CIK,0.0
"3,36",NHS,0.12
"3,36",HIO,0.0
"3,36",MPV,0.0
"3,36",DHY,0.0
"3,36",MCI,0.0
"3,36",AWF,0.0
"3,36",DHF,0.0
"3,36",BGH,0.0
"3,36",EAD,0.1
"3,36",RA,0.0
"3,36",KIO,0.01
"3,36",ISD,0.27
"3,36",VLT,0.01
"3,36",FSD,0.18
"3,36",GHY,0.0
"3,36",JLS,0.0
"3,36",IVH,0.0
"3,36",AIF,0.08
"3,36",HYB,0.21932
"3,36",EIC,0.0
"3,35",BGIO,7e-05
"3,35",JHB,7e-05
"3,35",IHTA,7e-05
"3,35",DMO,7e-05
"3,35",HYT,0.01007
"3,35",HNW,0.0
"3,35",JHAA,0.0
"3,35",IHIT,0.0
"3,35",HIX,0.0
"3,35",EHI,0.0
"3,35",PHT,0.0
"3,35",HYI,0.0
"3,35",OPP,0.0
"3,35",MCR,0.0
"3,35",CIK,0.0
"3,35",NHS,0.12
"3,35",HIO,0.0
"3,35",MPV,0.0
"3,35",DHY,0.0
"3,35",MCI,0.0
"3,35",AWF,0.0
"3,35",DHF,0.0
"3,35",BGH,0.0
"3,35",EAD,0.1
"3,35",RA,0.0
"3,35",KIO,0.01
"3,35",ISD,0.27
"3,35",VLT,0.01
"3,35",FSD,0.18
"3,35",GHY,0.0
"3,35",JLS,0.0
"3,35",IVH,0.0
"3,35",AIF,0.08
"3,35",HYB,0.21966
"3,35",EIC,0.0
"3,34",JHB,2e-05
"3,34",IHTA,2e-05
"3,34",DMO,2e-05
"3,34",HYT,0.01002
"3,34",HNW,0.0
"3,34",JHAA,0.0
"3,34",IHIT,0.0
"3,34",HIX,0.0
"3,34",EHI,0.0
"3,34",PHT,0.0
"3,34",HYI,0.0
"3,34",OPP,0.0
"3,34",MCR,0.0
"3,34",CIK,0.0
"3,34",NHS,0.12
"3,34",HIO,0.0
"3,34",MPV,0.0
"3,34",DHY,0.0
"3,34",MCI,0.0
"3,34",AWF,0.0
"3,34",DHF,0.0
"3,34",BGH,0.0
"3,34",EAD,0.1
"3,34",RA,0.0
"3,34",KIO,0.01
"3,34",ISD,0.27
"3,34",VLT,0.01
"3,34",FSD,0.18
"3,34",GHY,0.0
"3,34",JLS,0.0
"3,34",IVH,0.0
"3,34",AIF,0.08
"3,34",HYB,0.21993
"3,34",EIC,0.0
"3,33",IHTA,0.00027
"3,33",DMO,0.00027
"3,33",HYT,0.37027
"3,33",HNW,0.0
"3,33",JHAA,0.0
"3,33",IHIT,0.0
"3,33",HIX,0.0
"3,33",EHI,0.0
"3,33",PHT,0.0
"3,33",HYI,0.0
"3,33",OPP,0.0
"3,33",MCR,0.00136
"3,33",CIK,0.00565
"3,33",NHS,0.22565
"3,33",HIO,0.0
"3,33",MPV,0.0
"3,33",DHY,0.02
"3,33",MCI,0.0
"3,33",AWF,0.0
"3,33",DHF,0.04071
"3,33",BGH,0.0
"3,33",EAD,0.06
"3,33",RA,0.0
"3,33",KIO,0.0
"3,33",ISD,0.1
"3,33",VLT,0.0
"3,33",FSD,0.0
"3,33",GHY,0.0
"3,33",JLS,0.0
"3,33",IVH,0.0
"3,33",AIF,0.0
"3,33",HYB,0.17581
"3,33",EIC,0.0
"3,32",DMO,0.00022
"3,32",HYT,0.00022
"3,32",HNW,0.00022
"3,32",JHAA,0.00022
"3,32",IHIT,0.00022
"3,32",HIX,0.00022
"3,32",EHI,0.00022
"3,32",PHT,0.00022
"3,32",HYI,0.00022
"3,32",OPP,0.00022
"3,32",MCR,0.00022
"3,32",CIK,0.00022
"3,32",NHS,0.13022
"3,32",HIO,0.00022
"3,32",MPV,0.00022
"3,32",DHY,0.00022
"3,32",MCI,0.00022
"3,32",AWF,0.00022
"3,32",DHF,0.06022
"3,32",BGH,0.00022
"3,32",EAD,0.10022
"3,32",RA,0.00022
"3,32",KIO,0.06022
"3,32",ISD,0.41022
"3,32",VLT,0.0
"3,32",FSD,0.02
"3,32",GHY,0.0
"3,32",JLS,0.0
"3,32",IVH,0.0
"3,32",AIF,0.0
"3,32",HYB,0.21477
"3,32",EIC,0.0
"3,31",HYT,0.37015
"3,31",HNW,0.00015
"3,31",JHAA,0.00015
"3,31",IHIT,0.00015
"3,31",HIX,0.00015
"3,31",EHI,0.00015
"3,31",PHT,0.00015
"3,31",HYI,0.00015
"3,31",OPP,0.00015
"3,31",MCR,0.00106
"3,31",CIK,0.00535
"3,31",NHS,0.11535
"3,31",HIO,9e-05
"3,31",MPV,9e-05
"3,31",DHY,9e-05
"3,31",MCI,9e-05
"3,31",AWF,9e-05
"3,31",DHF,0.0108
"3,31",BGH,3e-05
"3,31",EAD,0.05003
"3,31",RA,3e-05
"3,31",KIO,3e-05
"3,31",ISD,0.16003
"3,31",VLT,3e-05
"3,31",FSD,0.11003
"3,31",GHY,3e-05
"3,31",JLS,3e-05
"3,31",IVH,0.0
"3,31",AIF,0.0
"3,31",HYB,0.17533
"3,31",EIC,0.0
"3,30",HNW,8e-05
"3,30",JHAA,8e-05
"3,30",IHIT,8e-05
"3,30",HIX,8e-05
"3,30",EHI,8e-05
"3,30",PHT,8e-05
"3,30",HYI,8e-05
"3,30",OPP,8e-05
"3,30",MCR,8e-05
"3,30",CIK,8e-05
"3,30",NHS,0.12008
"3,30",HIO,8e-05
"3,30",MPV,8e-05
"3,30",DHY,8e-05
"3,30",MCI,8e-05
"3,30",AWF,8e-05
"3,30",DHF,8e-05
"3,30",BGH,8e-05
"3,30",EAD,0.10008
"3,30",RA,8e-05
"3,30",KIO,0.02008
"3,30",ISD,0.31008
"3,30",VLT,0.04008
"3,30",FSD,0.17008
"3,30",GHY,8e-05
"3,30",JLS,8e-05
"3,30",IVH,8e-05
"3,30",AIF,0.0
"3,30",HYB,0.23778
"3,30",EIC,0.0
"3,29",JHAA,0.00037
"3,29",IHIT,0.00037
"3,29",HIX,0.00037
"3,29",EHI,0.00037
"3,29",PHT,0.00037
"3,29",HYI,0.00037
"3,29",OPP,0.00037
"3,29",MCR,0.00037
"3,29",CIK,0.00037
"3,29",NHS,0.13
"3,29",HIO,0.00053
"3,29",MPV,0.0
"3,29",DHY,0.0
"3,29",MCI,0.0
"3,29",AWF,0.0
"3,29",DHF,0.0
"3,29",BGH,0.0
"3,29",EAD,0.1
"3,29",RA,0.0
"3,29",KIO,0.02
"3,29",ISD,0.3
"3,29",VLT,0.04
"3,29",FSD,0.17
"3,29",GHY,0.0
"3,29",JLS,0.0
"3,29",IVH,0.0
"3,29",AIF,0.0
"3,29",HYB,0.23615
"3,29",EIC,0.0
"3,28",IHIT,0.00029
"3,28",HIX,0.00029
"3,28",EHI,0.00029
"3,28",PHT,0.00029
"3,28",HYI,0.0
"3,28",OPP,0.00043
"3,28",MCR,0.00043
"3,28",CIK,0.00043
"3,28",NHS,0.13043
"3,28",HIO,0.0
"3,28",MPV,0.0
"3,28",DHY,0.0
"3,28",MCI,0.0
"3,28",AWF,0.0
"3,28",DHF,0.0
"3,28",BGH,0.0
"3,28",EAD,0.1
"3,28",RA,0.0
"3,28",KIO,0.02
"3,28",ISD,0.3
"3,28",VLT,0.04
"3,28",FSD,0.17
"3,28",GHY,0.0
"3,28",JLS,0.0
"3,28",IVH,0.0
"3,28",AIF,0.0
"3,28",HYB,0.23711
"3,28",EIC,0.0
"3,27",HIX,0.00032
"3,27",EHI,0.00032
"3,27",PHT,0.00032
"3,27",HYI,0.00032
"3,27",OPP,0.00032
"3,27",MCR,0.00032
"3,27",CIK,0.00032
"3,27",NHS,0.14
"3,27",HIO,0.00105
"3,27",MPV,0.0
"3,27",DHY,0.02
"3,27",MCI,0.0
"3,27",AWF,0.0
"3,27",DHF,0.05
"3,27",BGH,0.0
"3,27",EAD,0.11
"3,27",RA,0.0
"3,27",KIO,0.0
"3,27",ISD,0.26
"3,27",VLT,0.02
"3,27",FSD,0.12467
"3,27",GHY,0.0
"3,27",JLS,0.0
"3,27",IVH,0.0
"3,27",AIF,0.0
"3,27",HYB,0.27205
"3,27",EIC,0.0
"3,26",EHI,0.00023
"3,26",PHT,0.00023
"3,26",HYI,0.0
"3,26",OPP,0.00043
"3,26",MCR,0.00043
"3,26",CIK,0.00043
"3,26",NHS,0.13043
"3,26",HIO,0.0
"3,26",MPV,0.0
"3,26",DHY,0.0
"3,26",MCI,0.0
"3,26",AWF,0.0
"3,26",DHF,0.0
"3,26",BGH,0.0
"3,26",EAD,0.1
"3,26",RA,0.0
"3,26",KIO,0.03
"3,26",ISD,0.33
"3,26",VLT,0.02
"3,26",FSD,0.1565
"3,26",GHY,0.0
"3,26",JLS,0.0
"3,26",IVH,0.0
"3,26",AIF,0.0
"3,26",HYB,0.23131
"3,26",EIC,0.0
"3,25",PHT,0.0005
"3,25",HYI,0.0005
"3,25",OPP,0.0005
"3,25",MCR,0.0005
"3,25",CIK,0.0005
"3,25",NHS,0.1305
"3,25",HIO,0.0
"3,25",MPV,0.0
"3,25",DHY,0.0
"3,25",MCI,0.0
"3,25",AWF,0.0
"3,25",DHF,0.0
"3,25",BGH,0.01
"3,25",EAD,0.1
"3,25",RA,0.0
"3,25",KIO,0.01
"3,25",ISD,0.29256
"3,25",VLT,0.00256
"3,25",FSD,0.16367
"3,25",GHY,0.00156
"3,25",JLS,6e-05
"3,25",IVH,0.0
"3,25",AIF,0.0
"3,25",HYB,0.28662
"3,25",EIC,0.0
"3,24",HYI,0.00066
"3,24",OPP,0.00066
"3,24",MCR,0.00066
"3,24",CIK,0.00066
"3,24",NHS,0.13066
"3,24",HIO,0.0
"3,24",MPV,0.0
"3,24",DHY,0.03
"3,24",MCI,0.0
"3,24",AWF,0.0
"3,24",DHF,0.0
"3,24",BGH,0.0
"3,24",EAD,0.1
"3,24",RA,0.0
"3,24",KIO,0.02
"3,24",ISD,0.30492
"3,24",VLT,0.0
"3,24",FSD,0.16375
"3,24",GHY,0.0
"3,24",JLS,0.0
"3,24",IVH,0.0
"3,24",AIF,0.0
"3,24",HYB,0.24802
"3,24",EIC,0.0
"3,23",OPP,0.00033
"3,23",MCR,0.00033
"3,23",CIK,0.01033
"3,23",NHS,0.17
"3,23",HIO,0.0
"3,23",MPV,0.0
"3,23",DHY,0.0
"3,23",MCI,0.0
"3,23",AWF,0.0
"3,23",DHF,0.03
"3,23",BGH,0.0
"3,23",EAD,0.09
"3,23",RA,0.0
"3,23",KIO,0.02
"3,23",ISD,0.31398
"3,23",VLT,0.02331
"3,23",FSD,0.05
"3,23",GHY,0.0
"3,23",JLS,0.0
"3,23",IVH,0.0
"3,23",AIF,0.0
"3,23",HYB,0.29172
"3,23",EIC,0.0
"3,22",MCR,0.00031
"3,22",CIK,0.00031
"3,22",NHS,0.16031
"3,22",HIO,0.01698
"3,22",MPV,0.00198
"3,22",DHY,0.0613
"3,22",MCI,0.0
"3,22",AWF,0.0
"3,22",DHF,0.03
"3,22",BGH,0.0
"3,22",EAD,0.10244
"3,22",RA,0.0
"3,22",KIO,0.00138
"3,22",ISD,0.21061
"3,22",VLT,0.0
"3,22",FSD,0.0779
"3,22",GHY,0.0
"3,22",JLS,0.0
"3,22",IVH,0.0
"3,22",AIF,0.0
"3,22",HYB,0.33649
"3,22",EIC,0.0
"3,21",CIK,0.01407
"3,21",NHS,0.19357
"3,21",HIO,0.02531
"3,21",MPV,0.00368
"3,21",DHY,0.01118
"3,21",MCI,0.0
"3,21",AWF,0.0
"3,21",DHF,0.01401
"3,21",BGH,0.0
"3,21",EAD,0.0929
"3,21",RA,0.0
"3,21",KIO,0.01
"3,21",ISD,0.2175
"3,21",VLT,0.0
"3,21",FSD,0.08088
"3,21",GHY,0.0
"3,21",JLS,0.0
"3,21",IVH,0.0
"3,21",AIF,0.0
"3,21",HYB,0.3369
"3,21",EIC,0.0
"3,20",NHS,0.21422
"3,20",HIO,0.04223
"3,20",MPV,0.00223
"3,20",DHY,0.03127
"3,20",MCI,0.0
"3,20",AWF,0.0
"3,20",DHF,0.01269
"3,20",BGH,0.0
"3,20",EAD,0.09519
"3,20",RA,0.0
"3,20",KIO,0.0
"3,20",ISD,0.21282
"3,20",VLT,0.0
"3,20",FSD,0.07707
"3,20",GHY,0.0
"3,20",JLS,0.0
"3,20",IVH,0.0
"3,20",AIF,0.0
"3,20",HYB,0.31219
"3,20",EIC,9e-05
"3,19",HIO,0.02044
"3,19",MPV,0.0
"3,19",DHY,0.02
"3,19",MCI,0.0
"3,19",AWF,0.0
"3,19",DHF,0.04
"3,19",BGH,0.0
"3,19",EAD,0.1
"3,19",RA,0.0
"3,19",KIO,0.02
"3,19",ISD,0.33046
"3,19",VLT,0.0
"3,19",FSD,0.11007
"3,19",GHY,0.0
"3,19",JLS,0.0
"3,19",IVH,0.0
"3,19",AIF,0.0
"3,19",HYB,0.35903
"3,19",EIC,0.0
"3,18",MPV,0.0014
"3,18",DHY,0.0114
"3,18",MCI,0.00072
"3,18",AWF,0.00072
"3,18",DHF,0.04072
"3,18",BGH,0.0
"3,18",EAD,0.09806
"3,18",RA,0.0
"3,18",KIO,0.01
"3,18",ISD,0.32149
"3,18",VLT,0.0
"3,18",FSD,0.1504
"3,18",GHY,0.0
"3,18",JLS,0.00226
"3,18",IVH,0.0
"3,18",AIF,0.0
"3,18",HYB,0.36283
"3,18",EIC,0.0
"3,17",DHY,0.06018
"3,17",MCI,0.0
"3,17",AWF,0.0
"3,17",DHF,0.03
"3,17",BGH,0.0
"3,17",EAD,0.11341
"3,17",RA,0.0
"3,17",KIO,0.0
"3,17",ISD,0.28563
"3,17",VLT,0.00118
"3,17",FSD,0.11446
"3,17",GHY,0.0
"3,17",JLS,0.0
"3,17",IVH,0.0
"3,17",AIF,0.0
"3,17",HYB,0.39515
"3,17",EIC,0.0
"3,16",MCI,0.0007
"3,16",AWF,0.0007
"3,16",DHF,0.0307
"3,16",BGH,0.01
"3,16",EAD,0.11138
"3,16",RA,0.0
"3,16",KIO,0.02
"3,16",ISD,0.31367
"3,16",VLT,0.0
"3,16",FSD,0.13059
"3,16",GHY,0.00259
"3,16",JLS,0.0
"3,16",IVH,0.0
"3,16",AIF,0.0
"3,16",HYB,0.37966
"3,16",EIC,0.0
"3,15",AWF,0.00192
"3,15",DHF,0.04192
"3,15",BGH,0.0
"3,15",EAD,0.10893
"3,15",RA,0.0
"3,15",KIO,0.01
"3,15",ISD,0.3041
"3,15",VLT,0.0
"3,15",FSD,0.12053
"3,15",GHY,0.00275
"3,15",JLS,0.0
"3,15",IVH,0.0
"3,15",AIF,0.0
"3,15",HYB,0.40984
"3,15",EIC,0.0
"3,14",DHF,0.08535
"3,14",BGH,0.00249
"3,14",EAD,0.12249
"3,14",RA,0.0
"3,14",KIO,0.0
"3,14",ISD,0.25136
"3,14",VLT,0.0
"3,14",FSD,0.11469
"3,14",GHY,0.0
"3,14",JLS,0.0
"3,14",IVH,0.0
"3,14",AIF,0.0
"3,14",HYB,0.42361
"3,14",EIC,0.0
"3,13",BGH,0.02464
"3,13",EAD,0.13265
"3,13",RA,0.0039
"3,13",KIO,0.0039
"3,13",ISD,0.2839
"3,13",VLT,0.0119
"3,13",FSD,0.10951
"3,13",GHY,0.0
"3,13",JLS,0.0
"3,13",IVH,0.0
"3,13",AIF,0.0
"3,13",HYB,0.42963
"3,13",EIC,0.0
"3,12",EAD,0.1529
"3,12",RA,0.00093
"3,12",KIO,0.00468
"3,12",ISD,0.29468
"3,12",VLT,0.00218
"3,12",FSD,0.11472
"3,12",GHY,0.0
"3,12",JLS,0.0
"3,12",IVH,0.0
"3,12",AIF,0.0
"3,12",HYB,0.42993
"3,12",EIC,0.0
"3,11",RA,0.00336
"3,11",KIO,0.05336
"3,11",ISD,0.32752
"3,11",VLT,0.0
"3,11",FSD,0.13169
"3,11",GHY,0.0
"3,11",JLS,0.0
"3,11",IVH,0.0
"3,11",AIF,0.0
"3,11",HYB,0.48407
"3,11",EIC,0.0
"3,10",KIO,0.08921
"3,10",ISD,0.32546
"3,10",VLT,0.0
"3,10",FSD,0.12672
"3,10",GHY,0.0
"3,10",JLS,0.0
"3,10",IVH,0.0
"3,10",AIF,0.0
"3,10",HYB,0.45862
"3,10",EIC,0.0
"3,9",ISD,0.38138
"3,9",VLT,0.0
"3,9",FSD,0.13013
"3,9",GHY,0.0
"3,9",JLS,0.0
"3,9",IVH,0.0
"3,9",AIF,0.0
"3,9",HYB,0.48848
"3,9",EIC,0.0
"3,8",VLT,0.03214
"3,8",FSD,0.18875
"3,8",GHY,0.0
"3,8",JLS,0.0
"3,8",IVH,0.0
"3,8",AIF,0.02455
"3,8",HYB,0.75455
"3,8",EIC,0.0
"3,7",FSD,0.20186
"3,7",GHY,0.00019
"3,7",JLS,0.01019
"3,7",IVH,0.00059
"3,7",AIF,0.01559
"3,7",HYB,0.77159
"3,7",EIC,0.0
"3,6",GHY,0.00117
"3,6",JLS,0.01117
"3,6",IVH,0.01
"3,6",AIF,0.08
"3,6",HYB,0.89767
"3,6",EIC,0.0
"3,5",JLS,0.02083
"3,5",IVH,0.01
"3,5",AIF,0.08
"3,5",HYB,0.88917
"3,5",EIC,0.0
"3,4",IVH,0.02
"3,4",AIF,0.08
"3,4",HYB,0.9
"3,4",EIC,0.0
"3,3",AIF,0.08833
"3,3",HYB,0.91167
"3,3",EIC,0.0
"4,38",CIF,0.15019
"4,38",EHT,0.0
"4,38",JCO,0.0
"4,38",BGIO,0.0
"4,38",JHB,0.0
"4,38",IHTA,0.0
"4,38",DMO,0.0
"4,38",HYT,0.07
"4,38",HNW,0.0
"4,38",JHAA,0.0
"4,38",IHIT,0.0
"4,38",HIX,0.0
"4,38",EHI,0.0
"4,38",PHT,0.0
"4,38",HYI,0.0
"4,38",OPP,0.0
"4,38",MCR,0.0
"4,38",CIK,0.0
"4,38",NHS,0.12
"4,38",HIO,0.0
"4,38",MPV,0.0
"4,38",DHY,0.0
"4,38",MCI,0.0
"4,38",AWF,0.0
"4,38",DHF,0.0
"4,38",BGH,0.0
"4,38",EAD,0.0
"4,38",RA,0.0
"4,38",KIO,0.0
"4,38",ISD,0.0
"4,38",VLT,0.0
"4,38",FSD,0.0
"4,38",GHY,0.0
"4,38",JLS,0.0
"4,38",IVH,0.0
"4,38",AIF,0.0
"4,38",HYB,0.65518
"4,38",EIC,0.00463
"4,37",EHT,0.00015
"4,37",JCO,0.00015
"4,37",BGIO,0.00015
"4,37",JHB,0.00015
"4,37",IHTA,0.00015
"4,37",DMO,0.00015
"4,37",HYT,0.00015
"4,37",HNW,0.00015
"4,37",JHAA,0.00015
"4,37",IHIT,0.00015
"4,37",HIX,0.00015
"4,37",EHI,0.00015
"4,37",PHT,0.00015
"4,37",HYI,0.00015
"4,37",OPP,0.00015
"4,37",MCR,0.00015
"4,37",CIK,0.00015
"4,37",NHS,0.00015
"4,37",HIO,0.00015
"4,37",MPV,0.00015
"4,37",DHY,0.00015
"4,37",MCI,0.00015
"4,37",AWF,0.00015
"4,37",DHF,0.00015
"4,37",BGH,0.00015
"4,37",EAD,0.00015
"4,37",RA,0.00015
"4,37",KIO,0.00015
"4,37",ISD,0.00015
"4,37",VLT,0.00015
"4,37",FSD,0.00015
"4,37",GHY,0.00015
"4,37",JLS,0.00015
"4,37",IVH,0.00015
"4,37",AIF,0.00015
"4,37",HYB,0.98758
"4,37",EIC,0.00703
"4,36",JCO,0.00011
"4,36",BGIO,0.00011
"4,36",JHB,0.00011
"4,36",IHTA,0.00011
"4,36",DMO,0.00011
"4,36",HYT,0.00011
"4,36",HNW,0.00011
"4,36",JHAA,0.00011
"4,36",IHIT,0.00011
"4,36",HIX,0.00011
"4,36",EHI,0.00011
"4,36",PHT,0.00011
"4,36",HYI,0.00011
"4,36",OPP,0.00011
"4,36",MCR,0.00011
"4,36",CIK,0.00011
"4,36",NHS,0.00011
"4,36",HIO,0.00011
"4,36",MPV,0.00011
"4,36",DHY,0.00011
"4,36",MCI,0.00011
"4,36",AWF,0.00011
"4,36",DHF,0.00011
"4,36",BGH,0.00011
"4,36",EAD,0.00011
"4,36",RA,0.00011
"4,36",KIO,0.00011
"4,36",ISD,0.00011
"4,36",VLT,0.00011
"4,36",FSD,0.00011
"4,36",GHY,0.00011
"4,36",JLS,0.00011
"4,36",IVH,0.00011
"4,36",AIF,0.00011
"4,36",HYB,0.98835
"4,36",EIC,0.00778
"4,35",BGIO,7e-05
"4,35",JHB,7e-05
"4,35",IHTA,7e-05
"4,35",DMO,7e-05
"4,35",HYT,7e-05
"4,35",HNW,7e-05
"4,35",JHAA,7e-05
"4,35",IHIT,7e-05
"4,35",HIX,7e-05
"4,35",EHI,7e-05
"4,35",PHT,7e-05
"4,35",HYI,7e-05
"4,35",OPP,7e-05
"4,35",MCR,7e-05
"4,35",CIK,7e-05
"4,35",NHS,7e-05
"4,35",HIO,7e-05
"4,35",MPV,7e-05
"4,35",DHY,7e-05
"4,35",MCI,7e-05
"4,35",AWF,7e-05
"4,35",DHF,7e-05
"4,35",BGH,7e-05
"4,35",EAD,7e-05
"4,35",RA,7e-05
"4,35",KIO,7e-05
"4,35",ISD,7e-05
"4,35",VLT,7e-05
"4,35",FSD,7e-05
"4,35",GHY,7e-05
"4,35",JLS,7e-05
"4,35",IVH,7e-05
"4,35",AIF,7e-05
"4,35",HYB,0.98916
"4,35",EIC,0.00857
"4,34",JHB,2e-05
"4,34",IHTA,2e-05
"4,34",DMO,2e-05
"4,34",HYT,2e-05
"4,34",HNW,2e-05
"4,34",JHAA,2e-05
"4,34",IHIT,2e-05
"4,34",HIX,2e-05
"4,34",EHI,2e-05
"4,34",PHT,2e-05
"4,34",HYI,2e-05
"4,34",OPP,2e-05
"4,34",MCR,2e-05
"4,34",CIK,2e-05
"4,34",NHS,2e-05
"4,34",HIO,2e-05
"4,34",MPV,2e-05
"4,34",DHY,2e-05
"4,34",MCI,2e-05
"4,34",AWF,2e-05
"4,34",DHF,2e-05
"4,34",BGH,2e-05
"4,34",EAD,2e-05
"4,34",RA,2e-05
"4,34",KIO,2e-05
"4,34",ISD,2e-05
"4,34",VLT,2e-05
"4,34",FSD,2e-05
"4,34",GHY,2e-05
"4,34",JLS,2e-05
"4,34",IVH,2e-05
"4,34",AIF,2e-05
"4,34",HYB,0.99002
"4,34",EIC,0.00941
"4,33",IHTA,0.00027
"4,33",DMO,0.00027
"4,33",HYT,0.00027
"4,33",HNW,0.00027
"4,33",JHAA,0.00027
"4,33",IHIT,0.00027
"4,33",HIX,0.00027
"4,33",EHI,0.00027
"4,33",PHT,0.00027
"4,33",HYI,0.00027
"4,33",OPP,0.00027
"4,33",MCR,0.00027
"4,33",CIK,0.00027
"4,33",NHS,0.00027
"4,33",HIO,0.00027
"4,33",MPV,0.00027
"4,33",DHY,0.00027
"4,33",MCI,0.00027
"4,33",AWF,0.00027
"4,33",DHF,0.00027
"4,33",BGH,0.00027
"4,33",EAD,0.00027
"4,33",RA,0.00027
"4,33",KIO,0.00027
"4,33",ISD,0.00027
"4,33",VLT,0.00027
"4,33",FSD,0.00027
"4,33",GHY,0.00027
"4,33",JLS,0.00027
"4,33",IVH,0.00027
"4,33",AIF,0.00027
"4,33",HYB,0.99124
"4,33",EIC,0.0003
"4,32",DMO,0.00022
"4,32",HYT,0.00022
"4,32",HNW,0.00022
"4,32",JHAA,0.00022
"4,32",IHIT,0.00022
"4,32",HIX,0.00022
"4,32",EHI,0.00022
"4,32",PHT,0.00022
"4,32",HYI,0.00022
"4,32",OPP,0.00022
"4,32",MCR,0.00022
"4,32",CIK,0.00022
"4,32",NHS,0.00022
"4,32",HIO,0.00022
"4,32",MPV,0.00022
"4,32",DHY,0.00022
"4,32",MCI,0.00022
"4,32",AWF,0.00022
"4,32",DHF,0.00022
"4,32",BGH,0.00022
"4,32",EAD,0.00022
"4,32",RA,0.00022
"4,32",KIO,0.00022
"4,32",ISD,0.00022
"4,32",VLT,0.00022
"4,32",FSD,0.00022
"4,32",GHY,0.00022
"4,32",JLS,0.00022
"4,32",IVH,0.00022
"4,32",AIF,0.00022
"4,32",HYB,0.99222
"4,32",EIC,0.00125
"4,31",HYT,0.16015
"4,31",HNW,0.00015
"4,31",JHAA,0.00015
"4,31",IHIT,0.00015
"4,31",HIX,0.00015
"4,31",EHI,0.00015
"4,31",PHT,0.01015
"4,31",HYI,0.00015
"4,31",OPP,0.00015
"4,31",MCR,0.00015
"4,31",CIK,0.00015
"4,31",NHS,0.22015
"4,31",HIO,0.00015
"4,31",MPV,0.00015
"4,31",DHY,0.03015
"4,31",MCI,0.00015
"4,31",AWF,0.00015
"4,31",DHF,0.05015
"4,31",BGH,0.00015
"4,31",EAD,0.10015
"4,31",RA,0.00015
"4,31",KIO,0.00015
"4,31",ISD,0.08015
"4,31",VLT,0.00015
"4,31",FSD,0.00015
"4,31",GHY,0.00015
"4,31",JLS,0.00015
"4,31",IVH,0.00015
"4,31",AIF,0.00015
"4,31",HYB,0.34326
"4,31",EIC,0.00226
"4,30",HNW,8e-05
"4,30",JHAA,8e-05
"4,30",IHIT,8e-05
"4,30",HIX,8e-05
"4,30",EHI,8e-05
"4,30",PHT,8e-05
"4,30",HYI,8e-05
"4,30",OPP,8e-05
"4,30",MCR,8e-05
"4,30",CIK,8e-05
"4,30",NHS,8e-05
"4,30",HIO,8e-05
"4,30",MPV,8e-05
"4,30",DHY,8e-05
"4,30",MCI,8e-05
"4,30",AWF,8e-05
"4,30",DHF,8e-05
"4,30",BGH,8e-05
"4,30",EAD,8e-05
"4,30",RA,8e-05
"4,30",KIO,8e-05
"4,30",ISD,8e-05
"4,30",VLT,8e-05
"4,30",FSD,8e-05
"4,30",GHY,8e-05
"4,30",JLS,8e-05
"4,30",IVH,8e-05
"4,30",AIF,8e-05
"4,30",HYB,0.99437
"4,30",EIC,0.00333
"4,29",JHAA,0.00037
"4,29",IHIT,0.00037
"4,29",HIX,0.00037
"4,29",EHI,0.00037
"4,29",PHT,0.00037
"4,29",HYI,0.00037
"4,29",OPP,0.00037
"4,29",MCR,0.00037
"4,29",CIK,0.00037
"4,29",NHS,0.00037
"4,29",HIO,0.00037
"4,29",MPV,0.00037
"4,29",DHY,0.00037
"4,29",MCI,0.00037
"4,29",AWF,0.00037
"4,29",DHF,0.00037
"4,29",BGH,0.00037
"4,29",EAD,0.00037
"4,29",RA,0.00037
"4,29",KIO,0.00037
"4,29",ISD,0.00037
"4,29",VLT,0.00037
"4,29",FSD,0.00037
"4,29",GHY,0.00037
"4,29",JLS,0.00037
"4,29",IVH,0.00037
"4,29",AIF,0.00037
"4,29",HYB,0.98555
"4,29",EIC,0.00448
"4,28",IHIT,0.00029
"4,28",HIX,0.00029
"4,28",EHI,0.00029
"4,28",PHT,0.00029
"4,28",HYI,0.00029
"4,28",OPP,0.00029
"4,28",MCR,0.00029
"4,28",CIK,0.00029
"4,28",NHS,0.00029
"4,28",HIO,0.00029
"4,28",MPV,0.00029
"4,28",DHY,0.00029
"4,28",MCI,0.00029
"4,28",AWF,0.00029
"4,28",DHF,0.00029
"4,28",BGH,0.00029
"4,28",EAD,0.00029
"4,28",RA,0.00029
"4,28",KIO,0.00029
"4,28",ISD,0.00029
"4,28",VLT,0.00029
"4,28",FSD,0.00029
"4,28",GHY,0.00029
"4,28",JLS,0.00029
"4,28",IVH,0.00029
"4,28",AIF,0.00029
"4,28",HYB,0.98683
"4,28",EIC,0.00571
"4,27",HIX,0.00032
"4,27",EHI,0.00032
"4,27",PHT,0.00032
"4,27",HYI,0.00032
"4,27",OPP,0.00032
"4,27",MCR,0.00032
"4,27",CIK,0.00032
"4,27",NHS,0.00032
"4,27",HIO,0.00032
"4,27",MPV,0.00032
"4,27",DHY,0.00032
"4,27",MCI,0.00032
"4,27",AWF,0.00032
"4,27",DHF,0.00032
"4,27",BGH,0.00032
"4,27",EAD,0.00032
"4,27",RA,0.00032
"4,27",KIO,0.00032
"4,27",ISD,0.00032
"4,27",VLT,0.00032
"4,27",FSD,0.19082
"4,27",GHY,0.00368
"4,27",JLS,0.00368
"4,27",IVH,0.00324
"4,27",AIF,0.03699
"4,27",HYB,0.74819
"4,27",EIC,0.00704
"4,26",EHI,0.00023
"4,26",PHT,0.00023
"4,26",HYI,0.00023
"4,26",OPP,0.00023
"4,26",MCR,0.00023
"4,26",CIK,0.00023
"4,26",NHS,0.00023
"4,26",HIO,0.00023
"4,26",MPV,0.00023
"4,26",DHY,0.00023
"4,26",MCI,0.00023
"4,26",AWF,0.00023
"4,26",DHF,0.00023
"4,26",BGH,0.00023
"4,26",EAD,0.00023
"4,26",RA,0.00023
"4,26",KIO,0.00023
"4,26",ISD,0.00023
"4,26",VLT,0.00023
"4,26",FSD,0.18654
"4,26",GHY,0.00404
"4,26",JLS,0.00309
"4,26",IVH,0.00218
"4,26",AIF,0.02174
"4,26",HYB,0.76966
"4,26",EIC,0.00846
"4,25",PHT,0.0005
"4,25",HYI,0.0005
"4,25",OPP,0.0005
"4,25",MCR,0.0005
"4,25",CIK,0.0005
"4,25",NHS,0.0005
"4,25",HIO,0.0005
"4,25",MPV,0.0005
"4,25",DHY,0.0005
"4,25",MCI,0.0005
"4,25",AWF,0.0005
"4,25",DHF,0.0005
"4,25",BGH,0.0005
"4,25",EAD,0.0005
"4,25",RA,0.0005
"4,25",KIO,0.0005
"4,25",ISD,0.15987
"4,25",VLT,0.00987
"4,25",FSD,0.16098
"4,25",GHY,0.00888
"4,25",JLS,0.00738
"4,25",IVH,0.0069
"4,25",AIF,0.0069
"4,25",HYB,0.62125
"4,25",EIC,0.01
"4,24",HYI,0.00066
"4,24",OPP,0.00066
"4,24",MCR,0.00066
"4,24",CIK,0.00066
"4,24",NHS,0.00066
"4,24",HIO,0.00066
"4,24",MPV,0.00066
"4,24",DHY,0.00066
"4,24",MCI,0.00066
"4,24",AWF,0.00066
"4,24",DHF,0.00066
"4,24",BGH,0.00066
"4,24",EAD,0.00066
"4,24",RA,0.00066
"4,24",KIO,0.00066
"4,24",ISD,0.20333
"4,24",VLT,0.00333
"4,24",FSD,0.16215
"4,24",GHY,0.00993
"4,24",JLS,0.0094
"4,24",IVH,0.0089
"4,24",AIF,0.00795
"4,24",HYB,0.58341
"4,24",EIC,0.00167
"4,23",OPP,0.00033
"4,23",MCR,0.00033
"4,23",CIK,0.00033
"4,23",NHS,0.00033
"4,23",HIO,0.00033
"4,23",MPV,0.00033
"4,23",DHY,0.00033
"4,23",MCI,0.00033
"4,23",AWF,0.00033
"4,23",DHF,0.00033
"4,23",BGH,0.00033
"4,23",EAD,0.00033
"4,23",RA,0.00033
"4,23",KIO,0.00033
"4,23",ISD,0.23604
"4,23",VLT,0.00538
"4,23",FSD,0.15413
"4,23",GHY,0.00178
"4,23",JLS,0.00011
"4,23",IVH,0.00958
"4,23",AIF,0.00958
"4,23",HYB,0.5753
"4,23",EIC,0.00348
"4,22",MCR,0.00031
"4,22",CIK,0.00031
"4,22",NHS,0.03031
"4,22",HIO,0.00698
"4,22",MPV,0.00198
"4,22",DHY,0.02198
"4,22",MCI,0.00031
"4,22",AWF,0.00031
"4,22",DHF,0.00031
"4,22",BGH,0.00031
"4,22",EAD,0.03331
"4,22",RA,0.00058
"4,22",KIO,0.01225
"4,22",ISD,0.29148
"4,22",VLT,0.00077
"4,22",FSD,0.11877
"4,22",GHY,0.00752
"4,22",JLS,0.00575
"4,22",IVH,0.00131
"4,22",AIF,0.00236
"4,22",HYB,0.45736
"4,22",EIC,0.00545
"4,21",CIK,0.00407
"4,21",NHS,0.15357
"4,21",HIO,0.00857
"4,21",MPV,0.00857
"4,21",DHY,0.00607
"4,21",MCI,7e-05
"4,21",AWF,7e-05
"4,21",DHF,0.02007
"4,21",BGH,7e-05
"4,21",EAD,0.09896
"4,21",RA,0.00096
"4,21",KIO,0.00368
"4,21",ISD,0.21535
"4,21",VLT,0.00381
"4,21",FSD,0.0931
"4,21",GHY,0.0091
"4,21",JLS,0.00785
"4,21",IVH,0.00549
"4,21",AIF,0.00438
"4,21",HYB,0.34912
"4,21",EIC,0.00712
"4,20",NHS,0.16422
"4,20",HIO,0.00223
"4,20",MPV,0.00223
"4,20",DHY,0.03557
"4,20",MCI,0.0
"4,20",AWF,0.0
"4,20",DHF,0.02807
"4,20",BGH,0.0
"4,20",EAD,0.11057
"4,20",RA,0.00057
"4,20",KIO,0.00457
"4,20",ISD,0.2082
"4,20",VLT,0.00654
"4,20",FSD,0.085
"4,20",GHY,0.00214
"4,20",JLS,0.0
"4,20",IVH,0.00627
"4,20",AIF,0.00568
"4,20",HYB,0.33012
"4,20",EIC,0.00802
"4,19",HIO,0.00044
"4,19",MPV,0.0
"4,19",DHY,0.02
"4,19",MCI,0.0
"4,19",AWF,0.0
"4,19",DHF,0.0
"4,19",BGH,0.0
"4,19",EAD,0.0
"4,19",RA,0.0
"4,19",KIO,0.0
"4,19",ISD,0.29546
"4,19",VLT,0.00365
"4,19",FSD,0.14448
"4,19",GHY,0.0
"4,19",JLS,0.00618
"4,19",IVH,0.00285
"4,19",AIF,0.00285
"4,19",HYB,0.52344
"4,19",EIC,0.00066
"4,18",MPV,0.0014
"4,18",DHY,0.0014
"4,18",MCI,0.0014
"4,18",AWF,0.0014
"4,18",DHF,0.0014
"4,18",BGH,0.0014
"4,18",EAD,0.01307
"4,18",RA,0.00021
"4,18",KIO,0.00021
"4,18",ISD,0.27799
"4,18",VLT,0.00599
"4,18",FSD,0.1469
"4,18",GHY,0.00107
"4,18",JLS,0.00876
"4,18",IVH,0.00733
"4,18",AIF,0.006
"4,18",HYB,0.5185
"4,18",EIC,0.00556
"4,17",DHY,0.04018
"4,17",MCI,0.0
"4,17",AWF,0.0
"4,17",DHF,0.05
"4,17",BGH,0.0
"4,17",EAD,0.03341
"4,17",RA,7e-05
"4,17",KIO,0.00293
"4,17",ISD,0.26293
"4,17",VLT,0.00848
"4,17",FSD,0.11048
"4,17",GHY,0.00503
"4,17",JLS,0.00086
"4,17",IVH,0.00856
"4,17",AIF,0.00784
"4,17",HYB,0.46117
"4,17",EIC,0.00805
"4,16",MCI,0.0007
"4,16",AWF,0.0007
"4,16",DHF,0.0007
"4,16",BGH,0.0007
"4,16",EAD,0.0632
"4,16",RA,0.0012
"4,16",KIO,0.0012
"4,16",ISD,0.27549
"4,16",VLT,0.00299
"4,16",FSD,0.13743
"4,16",GHY,0.00943
"4,16",JLS,0.00489
"4,16",IVH,0.00155
"4,16",AIF,0.00079
"4,16",HYB,0.4965
"4,16",EIC,0.0025
"4,15",AWF,0.00192
"4,15",DHF,0.00192
"4,15",BGH,0.00192
"4,15",EAD,0.08192
"4,15",RA,0.00192
"4,15",KIO,0.00192
"4,15",ISD,0.30859
"4,15",VLT,2e-05
"4,15",FSD,0.11502
"4,15",GHY,0.00724
"4,15",JLS,0.00024
"4,15",IVH,0.0057
"4,15",AIF,0.00403
"4,15",HYB,0.46095
"4,15",EIC,0.00667
"4,14",DHF,0.05535
"4,14",BGH,0.00249
"4,14",EAD,0.12249
"4,14",RA,0.0
"4,14",KIO,0.0
"4,14",ISD,0.27516
"4,14",VLT,0.0
"4,14",FSD,0.10849
"4,14",GHY,0.00099
"4,14",JLS,0.00544
"4,14",IVH,0.0
"4,14",AIF,0.00562
"4,14",HYB,0.42395
"4,14",EIC,0.0
"4,13",BGH,0.00464
"4,13",EAD,0.12265
"4,13",RA,0.00765
"4,13",KIO,0.00765
"4,13",ISD,0.27765
"4,13",VLT,0.00565
"4,13",FSD,0.12065
"4,13",GHY,0.00779
"4,13",JLS,0.0
"4,13",IVH,0.0
"4,13",AIF,0.0
"4,13",HYB,0.44077
"4,13",EIC,0.00493
"4,12",EAD,0.1129
"4,12",RA,0.00093
"4,12",KIO,0.01593
"4,12",ISD,0.28593
"4,12",VLT,0.00343
"4,12",FSD,0.12343
"4,12",GHY,0.0
"4,12",JLS,0.0
"4,12",IVH,0.00485
"4,12",AIF,0.00263
"4,12",HYB,0.44863
"4,12",EIC,0.00136
"4,11",RA,0.00336
"4,11",KIO,0.00336
"4,11",ISD,0.25836
"4,11",VLT,0.00502
"4,11",FSD,0.15752
"4,11",GHY,0.00552
"4,11",JLS,0.00052
"4,11",IVH,0.00338
"4,11",AIF,0.00213
"4,11",HYB,0.55991
"4,11",EIC,0.00091
"4,10",KIO,0.05921
"4,10",ISD,0.31546
"4,10",VLT,0.00546
"4,10",FSD,0.12546
"4,10",GHY,0.00546
"4,10",JLS,0.00546
"4,10",IVH,0.00379
"4,10",AIF,0.00236
"4,10",HYB,0.47736
"4,10",EIC,0.0
"4,9",ISD,0.36138
"4,9",VLT,0.0
"4,9",FSD,0.13013
"4,9",GHY,0.00347
"4,9",JLS,0.00347
"4,9",IVH,0.00147
"4,9",AIF,0.00147
"4,9",HYB,0.49861
"4,9",EIC,0.0
"4,8",VLT,0.00214
"4,8",FSD,0.18875
"4,8",GHY,0.0
"4,8",JLS,0.0
"4,8",IVH,0.0
"4,8",AIF,0.03875
"4,8",HYB,0.76875
"4,8",EIC,0.00161
"4,7",FSD,0.19186
"4,7",GHY,0.00019
"4,7",JLS,0.00019
"4,7",IVH,0.00352
"4,7",AIF,0.02852
"4,7",HYB,0.77452
"4,7",EIC,0.00119
"4,6",GHY,0.00117
"4,6",JLS,0.00117
"4,6",IVH,0.00117
"4,6",AIF,0.00117
"4,6",HYB,0.98867
"4,6",EIC,0.00667
"4,5",JLS,0.00083
"4,5",IVH,0.02
"4,5",AIF,0.0
"4,5",HYB,0.97833
"4,5",EIC,0.00083
"4,4",IVH,0.0
"4,4",AIF,0.02
"4,4",HYB,0.98
"4,4",EIC,0.0
"4,3",AIF,0.07833
"4,3",HYB,0.92167
"4,3",EIC,0.0
